{
  "data": {
    "instances": [
      {
        "__OBJ_TYPE": "Instance_Part_Storage",
        "btsKey": "02fb0fe6-f451-469c-9f4c-9b55307b023f",
        "density": 2.2,
        "friction": 0.15,
        "id": "8783474302444863489",
        "massCenter": {
          "x": -24.210845947266,
          "y": 80.783271789551,
          "z": -37.349449157715
        },
        "material": {
          "color": {
            "r": 170
          },
          "texture": "part_boli.tga"
        },
        "name": "Trap Obstakel",
        "position": {
          "x": -24.210845947266,
          "y": 80.783271789551,
          "z": -37.349449157715
        },
        "restitution": 0.18,
        "scale": {
          "x": 3.26298,
          "y": 0.999996,
          "z": 0.999992
        },
        "size": {
          "x": 3.2629816532135,
          "y": 0.99999594688416,
          "z": 0.99999195337296
        },
        "useAnchor": true
      }
    ]
  },
  "meta": {
    "EXPORT": {
      "setting.json": "b2ada1d4362e530ccfb799ae42ff3519"
    },
    "VERSION": "0.22"
  }
}